,t[s],q_fl1,q_fl2,q_fl3,q_fr1,q_fr2,q_fr3,q_bl1,q_bl2,q_bl3,q_br1,q_br2,q_br3,qd_fl1,qd_fl2,qd_fl3,qd_fr1,qd_fr2,qd_fr3,qd_bl1,qd_bl2,qd_bl3,qd_br1,qd_br2,qd_br3,Tau_fl1,Tau_fl2,Tau_fl3,Tau_fr1,Tau_fr2,Tau_fr3,Tau_bl1,Tau_bl2,Tau_bl3,Tau_br1,Tau_br2,Tau_br3,contactPhases
0,0.0,0.0,-0.9761969806988371,2.499999999525868,0.0,-0.9761969806988371,2.499999999525868,-0.0,0.031841473823423574,-1.228231509599972,-0.0,0.031841473823423574,-1.228231509599972,0.0,9.780985682562125e-19,-1.179355966915286e-18,0.0,9.780985682562125e-19,-1.179355966915286e-18,-0.0,-4.941284295636886e-19,2.0490363987980798e-18,-0.0,-4.941284295636886e-19,2.0490363987980798e-18,0.0,1.0718763466557844,-4.4025162448863036,0.0,1.0718763466557844,-4.4025162448863036,-0.0,-1.2856991722462192,0.7331995688975204,-0.0,-1.2856991722462192,0.7331995688975204,2
1,0.01020408163265306,0.0,-0.9703355216473386,2.495809616326935,0.0,-0.9703355216473386,2.495809616326935,-0.0,0.03027310763143784,-1.2272443735255687,-0.0,0.03027310763143784,-1.2272443735255687,0.0,0.5802844460983757,-0.4148479366943815,0.0,0.5802844460983757,-0.4148479366943815,-0.0,-0.15526825300659158,0.09772647136591697,-0.0,-0.15526825300659158,0.09772647136591697,0.0,0.4727645617340834,-3.553172394355528,0.0,0.4727645617340834,-3.553172394355528,-0.0,-0.08866922251463182,0.9244460422588072,-0.0,-0.08866922251463182,0.9244460422588072,2
2,0.02040816326530612,0.0,-0.959890779634966,2.4871892680936902,0.0,-0.959890779634966,2.4871892680936902,-0.0,0.028833409962412206,-1.228359628517306,-0.0,0.028833409962412206,-1.228359628517306,0.0,1.034029459224867,-0.8534144750912368,0.0,1.034029459224867,-0.8534144750912368,-0.0,-0.14253006923353595,-0.11041024418198388,-0.0,-0.14253006923353595,-0.11041024418198388,0.0,0.398875831659085,-3.2151136523230783,0.0,0.398875831659085,-3.2151136523230783,-0.0,-0.5801512532293384,0.3675511380232343,-0.0,-0.5801512532293384,0.3675511380232343,2
3,0.030612244897959183,0.0,-0.9449951517765736,2.4732789767774905,0.0,-0.9449951517765736,2.4732789767774905,-0.0,0.027134623028634196,-1.2303384115467135,-0.0,0.027134623028634196,-1.2303384115467135,0.0,1.474667157980837,-1.377118840303764,0.0,1.474667157980837,-1.377118840303764,-0.0,-0.16817990644402325,-0.19589951991138224,-0.0,-0.16817990644402325,-0.19589951991138224,0.0,0.3237893664333424,-3.335453667363061,0.0,0.3237893664333424,-3.335453667363061,-0.0,-0.4390105070770746,0.452178462277002,-0.0,-0.4390105070770746,0.452178462277002,2
4,0.04081632653061224,0.0,-0.9261036981443669,2.452904320656227,0.0,-0.9261036981443669,2.452904320656227,-0.0,0.025275646546959667,-1.2328314946296184,-0.0,0.025275646546959667,-1.2328314946296184,0.0,1.87025390958846,-2.0170909560050725,0.0,1.87025390958846,-2.0170909560050725,-0.0,-0.18403867168577895,-0.24681522520755153,-0.0,-0.18403867168577895,-0.24681522520755153,0.0,0.23724666013484844,-3.4456542421127434,0.0,0.23724666013484844,-3.4456542421127434,-0.0,-0.3119649996996434,0.5234083490269807,-0.0,-0.3119649996996434,0.5234083490269807,2
5,0.05102040816326529,0.0,-0.9036941829106518,2.424878551537837,0.0,-0.9036941829106518,2.424878551537837,-0.0,0.02332316706885932,-1.2355081294331867,-0.0,0.02332316706885932,-1.2355081294331867,0.0,2.2185420081377982,-2.7745511427206013,0.0,2.2185420081377982,-2.7745511427206013,-0.0,-0.193295468331936,-0.26498684555328167,-0.0,-0.193295468331936,-0.26498684555328167,0.0,0.136137530350547,-3.536562368169088,0.0,0.136137530350547,-3.536562368169088,-0.0,-0.1995446966588472,0.580477012991041,-0.0,-0.1995446966588472,0.580477012991041,2
6,0.061224489795918366,0.0,-0.8782515314921122,2.3879928587892167,0.0,-0.8782515314921122,2.3879928587892167,-0.0,0.02133271568206692,-1.2380449294755331,-0.0,0.02133271568206692,-1.2380449294755331,0.0,2.518822490435445,-3.651683582113381,0.0,2.518822490435445,-3.651683582113381,-0.0,-0.19705468729244996,-0.25114320419230945,-0.0,-0.19705468729244996,-0.25114320419230945,0.0,0.011823077643136264,-3.6046491275456054,0.0,0.011823077643136264,-3.6046491275456054,-0.0,-0.06489263236997315,0.6597269415902294,-0.0,-0.06489263236997315,0.6597269415902294,2
7,0.07142857142857142,0.0,-0.8502397347276066,2.3410082518425286,0.0,-0.8502397347276066,2.3410082518425286,-0.0,0.019376057479911665,-1.2401154072428315,-0.0,0.019376057479911665,-1.2401154072428315,0.0,2.773167879686046,-4.651476087722128,0.0,2.773167879686046,-4.651476087722128,-0.0,-0.19370916201337443,-0.204977298962533,-0.0,-0.19370916201337443,-0.204977298962533,0.0,-0.13778779729087565,-3.637549989506492,0.0,-0.13778779729087565,-3.637549989506492,-0.0,0.09604225461425042,0.7630888066325565,-0.0,0.09604225461425042,0.7630888066325565,2
8,0.08163265306122448,0.0,-0.8200519295933065,2.282648258959661,0.0,-0.8200519295933065,2.282648258959661,-0.0,0.017574599648360993,-1.2413992112902095,-0.0,0.017574599648360993,-1.2413992112902095,0.0,2.988592708295704,-5.77763929540385,0.0,2.988592708295704,-5.77763929540385,-0.0,-0.1783443253235209,-0.12709660069043272,-0.0,-0.1783443253235209,-0.12709660069043272,0.0,-0.3275296216976748,-3.615071903239937,0.0,-0.3275296216976748,-3.615071903239937,-0.0,0.3151389418644467,0.9195213624230284,-0.0,0.3151389418644467,0.9195213624230284,2
9,0.09183673469387754,0.0,-0.7882836257170651,2.2113474016997543,0.0,-0.7882836257170651,2.2113474016997543,-0.0,0.016331463574528866,-1.2414471369621631,-0.0,0.016331463574528866,-1.2414471369621631,0.0,3.145062083747893,-7.058784868730816,0.0,3.145062083747893,-7.058784868730816,-0.0,-0.12307047130938506,-0.004744641523439256,-0.0,-0.12307047130938506,-0.004744641523439256,0.0,-0.5225684854777178,-3.526752614186211,0.0,-0.5225684854777178,-3.526752614186211,-0.0,0.5714877746026448,1.1102001680045452,-0.0,0.5714877746026448,1.1102001680045452,2
10,0.1020408163265306,0.0,-0.7552703317151016,2.125477927098877,0.0,-0.7552703317151016,2.125477927098877,-0.0,0.01621402036546942,-1.2398550152572647,-0.0,0.01621402036546942,-1.2398550152572647,0.0,3.2683161061943804,-8.501077985486793,0.0,3.2683161061943804,-8.501077985486793,-0.0,-0.011626877696888523,0.15762004878497815,-0.0,-0.011626877696888523,0.15762004878497815,0.0,-0.6940935451652004,-3.356828876071066,0.0,-0.6940935451652004,-3.356828876071066,-0.0,0.8668320085122124,1.3370370115221044,-0.0,0.8668320085122124,1.3370370115221044,2
11,0.11224489795918365,0.0,-0.7209892580278933,2.023327093169504,0.0,-0.7209892580278933,2.023327093169504,-0.0,0.017974832323772484,-1.2363011116786227,-0.0,0.017974832323772484,-1.2363011116786227,0.0,3.3938262950336133,-10.112932559007927,0.0,3.3938262950336133,-10.112932559007927,-0.0,0.17432038387200166,0.35183645428553395,-0.0,0.17432038387200166,0.35183645428553395,0.0,-0.8543697490664612,-3.0873303072191742,0.0,-0.8543697490664612,-3.0873303072191742,-0.0,1.1758816765100184,1.6029697355906856,-0.0,1.1758816765100184,1.6029697355906856,2
12,0.12244897959183672,0.0,-0.6849774185534044,1.9030706993458024,0.0,-0.6849774185534044,1.9030706993458024,-0.0,0.022546009691234988,-1.230594075350029,-0.0,0.022546009691234988,-1.230594075350029,0.0,3.565172107974399,-11.905382988546457,0.0,3.565172107974399,-11.905382988546457,-0.0,0.4525465593787879,0.5649965965307593,-0.0,0.4525465593787879,0.5649965965307593,0.0,-0.942574070262355,-2.6782004624427374,0.0,-0.942574070262355,-2.6782004624427374,-0.0,1.5463620393972033,1.921092452669486,-0.0,1.5463620393972033,1.921092452669486,2
13,0.13265306122448975,0.0,-0.6462595103935204,1.7627312605883476,0.0,-0.6462595103935204,1.7627312605883476,-0.0,0.030993644670989463,-1.2227425989311913,-0.0,0.030993644670989463,-1.2227425989311913,0.0,3.833072907828519,-13.893604436988028,0.0,3.833072907828519,-13.893604436988028,-0.0,0.8363158629956903,0.777296165464929,-0.0,0.8363158629956903,0.777296165464929,0.0,-0.9836102301970167,-1.947817075289069,0.0,-0.9836102301970167,-1.947817075289069,-0.0,2.9308589647818684,2.8725234692679456,-0.0,2.9308589647818684,2.8725234692679456,2
14,0.14285714285714285,0.0,-0.6033541096603046,1.599961754151318,0.0,-0.6033541096603046,1.599961754151318,-0.0,0.04454326782419657,-1.2130586641147765,-0.0,0.04454326782419657,-1.2130586641147765,0.0,4.247634672588374,-16.114181137265927,0.0,4.247634672588374,-16.114181137265927,-0.0,1.3414126921674865,0.958709546825052,-0.0,1.3414126921674865,0.958709546825052,0.0,-4.908166897568028,-6.56101065674386,0.0,-4.908166897568028,-6.56101065674386,-0.0,5.76623927692481,9.549259025808611,-0.0,5.76623927692481,9.549259025808611,2
15,0.15306122448979587,0.0,-0.5525186435093556,1.4051837496049815,0.0,-0.5525186435093556,1.4051837496049815,-0.0,0.06585528857030204,-1.2038015207748047,-0.0,0.06585528857030204,-1.2038015207748047,0.0,5.032711148943952,-19.28302245008736,0.0,5.032711148943952,-19.28302245008736,-0.0,2.1098900538644716,0.916457190657228,-0.0,2.1098900538644716,0.916457190657228,0.0,-6.259806805113806,-11.281286553285309,0.0,-6.259806805113806,-11.281286553285309,-0.0,7.015674069172715,5.12610419650606,-0.0,7.015674069172715,5.12610419650606,2
16,0.16326530612244897,0.0,-0.5158902765330696,1.2204649803559975,0.0,-0.5158902765330696,1.2204649803559975,-0.0,0.10645338017409822,-1.1654358019120716,-0.0,0.10645338017409822,-1.1654358019120716,0.0,3.626208330652316,-18.28715815564943,0.0,3.626208330652316,-18.28715815564943,-0.0,4.019211068775851,3.798206167410607,-0.0,4.019211068775851,3.798206167410607,0.0,-0.6591301765168409,0.024696219379685583,0.0,-0.6591301765168409,0.024696219379685583,-0.0,7.566248287733692,5.06081223940957,-0.0,7.566248287733692,5.06081223940957,1
17,0.17346938775510204,0.0,-0.4936692048039024,1.0449070819717394,0.0,-0.4936692048039024,1.0449070819717394,-0.0,0.15707832125949772,-1.1071522349105272,-0.0,0.15707832125949772,-1.1071522349105272,0.0,2.199886101187525,-17.380231940041554,0.0,2.199886101187525,-17.380231940041554,-0.0,5.011869167454578,5.770073133152884,-0.0,5.011869167454578,5.770073133152884,0.0,-0.3823339249341296,0.0358542792106017,0.0,-0.3823339249341296,0.0358542792106017,-0.0,7.808863566268956,5.136915905740178,-0.0,7.808863566268956,5.136915905740178,1
18,0.18367346938775508,0.0,-0.47751146284564505,0.8808008764251347,0.0,-0.47751146284564505,0.8808008764251347,-0.0,0.21659305326082112,-1.029725221837821,-0.0,0.21659305326082112,-1.029725221837821,0.0,1.599616453867477,-16.246514349113863,0.0,1.599616453867477,-16.246514349113863,-0.0,5.891958468131016,7.665274294197959,-0.0,5.891958468131016,7.665274294197959,0.0,-0.38581439195970657,0.02296022082626428,0.0,-0.38581439195970657,0.02296022082626428,-0.0,7.915774081456294,5.136738553987942,-0.0,7.915774081456294,5.136738553987942,1
19,0.19387755102040813,0.0,-0.46757198955853696,0.7264574671736519,0.0,-0.46757198955853696,0.7264574671736519,-0.0,0.28507670495984333,-0.9327055748599502,-0.0,0.28507670495984333,-0.9327055748599502,0.0,0.98400785542374,-15.279997515896795,0.0,0.98400785542374,-15.279997515896795,-0.0,6.779881518203195,9.604945050809238,-0.0,6.779881518203195,9.604945050809238,0.0,-0.4974566742768398,-0.005147488827973746,0.0,-0.4974566742768398,-0.005147488827973746,-0.0,7.96288512195796,7.106123627790339,-0.0,7.96288512195796,7.106123627790339,1
20,0.2040816326530612,0.0,-0.4617158104472484,0.5838866780775273,0.0,-0.4617158104472484,0.5838866780775273,-0.0,0.33868008361530094,-0.8394934140865024,-0.0,0.33868008361530094,-0.8394934140865024,0.0,0.5797617320175734,-14.114508120516321,0.0,0.5797617320175734,-14.114508120516321,-0.0,5.3067344868902975,9.22800391657132,-0.0,5.3067344868902975,9.22800391657132,0.0,-0.44878546914500095,-0.020226754615154423,0.0,-0.44878546914500095,-0.020226754615154423,-0.0,-0.723465241383709,-0.07977564841740388,-0.0,-0.723465241383709,-0.07977564841740388,0
21,0.21428571428571427,0.0,-0.45939928170473354,0.45280113583527737,0.0,-0.45939928170473354,0.45280113583527737,-0.0,0.3809817020465542,-0.7493025984435533,-0.0,0.3809817020465542,-0.7493025984435533,0.0,0.2293363455089739,-12.977468681982742,0.0,0.2293363455089739,-12.977468681982742,-0.0,4.187860224694071,8.928890748651975,-0.0,4.187860224694071,8.928890748651975,0.0,-0.4332442583789735,-0.02360020598819399,0.0,-0.4332442583789735,-0.02360020598819399,-0.0,-0.6972387955661046,-0.08125558024772389,-0.0,-0.6972387955661046,-0.08125558024772389,0
22,0.2244897959183673,0.0,-0.4603373732876692,0.3328813849579406,0.0,-0.4603373732876692,0.3328813849579406,-0.0,0.4127763341253095,-0.6620727170286226,-0.0,0.4127763341253095,-0.6620727170286226,0.0,-0.09287106671063239,-11.872055336856336,0.0,-0.09287106671063239,-11.872055336856336,-0.0,3.147668575796773,8.635758260078122,-0.0,3.147668575796773,8.635758260078122,0.0,-0.4173189407270631,-0.025400696903258958,0.0,-0.4173189407270631,-0.025400696903258958,-0.0,-0.6715101575928027,-0.0816937009369355,-0.0,-0.6715101575928027,-0.0816937009369355,0
23,0.2346938775510204,0.0,-0.4642535240387264,0.22381151341697503,0.0,-0.4642535240387264,0.22381151341697503,-0.0,0.43482770368228735,-0.5777494934725658,-0.0,0.43482770368228735,-0.5777494934725658,0.0,-0.387698924354666,-10.797917282555591,0.0,-0.387698924354666,-10.797917282555591,-0.0,2.1830855861408094,8.34799913204963,-0.0,2.1830855861408094,8.34799913204963,0.0,-0.40135991401849336,-0.025959681260200262,0.0,-0.40135991401849336,-0.025959681260200262,-0.0,-0.6467323894962062,-0.08116664857339607,-0.0,-0.6467323894962062,-0.08116664857339607,0
24,0.24489795918367344,0.0,-0.47087988360509136,0.12527875003736455,0.0,-0.47087988360509136,0.12527875003736455,-0.0,0.4478702687958232,-0.4962844635201764,-0.0,0.4478702687958232,-0.4962844635201764,0.0,-0.656009597070141,-9.754743574581436,0.0,-0.656009597070141,-9.754743574581436,-0.0,1.2912139462400365,8.065037965286546,-0.0,1.2912139462400365,8.065037965286546,0.0,-0.3856116438389501,-0.025583621121195,0.0,-0.3856116438389501,-0.025583621121195,-0.0,-0.6231838858954898,-0.0797532804986132,-0.0,-0.6231838858954898,-0.0797532804986132,0
25,0.25510204081632654,0.0,-0.47995753730513874,0.03697310524133046,0.0,-0.47995753730513874,0.03697310524133046,-0.0,0.45261090528458375,-0.417634656249353,-0.0,0.45261090528458375,-0.417634656249353,0.0,-0.8986877163046852,-8.742258834807377,0.0,-0.8986877163046852,-8.742258834807377,-0.0,0.46932301238729635,7.78633091981152,-0.0,0.46932301238729635,7.78633091981152,0.0,-0.370232606350993,-0.02454000882362289,0.0,-0.370232606350993,-0.02454000882362289,-0.0,-0.6010190591372856,-0.07753508635137142,-0.0,-0.6010190591372856,-0.07753508635137142,0
26,0.26530612244897955,0.0,-0.4912367109243458,-0.04141294908282997,0.0,-0.4912367109243458,-0.04141294908282997,-0.0,0.44973047735070815,-0.341762282865026,-0.0,0.44973047735070815,-0.341762282865026,0.0,-1.1166381883014975,-7.760219378091882,0.0,-1.1166381883014975,-7.760219378091882,-0.0,-0.28516236545368223,7.511364965048371,-0.0,-0.28516236545368223,7.511364965048371,0.0,-0.3553164689749068,-0.023052405866659263,0.0,-0.3553164689749068,-0.023052405866659263,-0.0,-0.5803037793202224,-0.07459712708929682,-0.0,-0.5803037793202224,-0.07459712708929682,0
27,0.2755102040816326,0.0,-0.504476953847616,-0.11018476503708642,0.0,-0.504476953847616,-0.11018476503708642,-0.0,0.4398852862701576,-0.2686344360878075,-0.0,0.4398852862701576,-0.2686344360878075,0.0,-1.3107840494037604,-6.808409779471389,0.0,-1.3107840494037604,-6.808409779471389,-0.0,-0.9746739169745139,7.239656830944627,-0.0,-0.9746739169745139,7.239656830944627,0.0,-0.3409117679292255,-0.021301150548267936,0.0,-0.3409117679292255,-0.021301150548267936,-0.0,-0.5610395644692604,-0.07102852434994739,-0.0,-0.5610395644692604,-0.07102852434994739,0
28,0.2857142857142857,0.0,-0.5194472998031423,-0.1696457738829898,0.0,-0.5194472998031423,-0.1696457738829898,-0.0,0.4237083890471715,-0.19822280226104388,-0.0,0.4237083890471715,-0.19822280226104388,0.0,-1.4820642495970924,-5.886639875744434,0.0,-1.4820642495970924,-5.886639875744434,-0.0,-1.6015128250756208,6.970751748849598,-0.0,-1.6015128250756208,6.970751748849598,0.0,-0.3270386607599503,-0.019427249272479876,0.0,-0.3270386607599503,-0.019427249272479876,-0.0,-0.5431801328830193,-0.06692219801546435,-0.0,-0.5431801328830193,-0.06692219801546435,0
29,0.2959183673469388,0.0,-0.53592640489557,-0.22009771509984336,0.0,-0.53592640489557,-0.22009771509984336,-0.0,0.4018107790253453,-0.13050338751769236,-0.0,0.4018107790253453,-0.13050338751769236,0.0,-1.6314314041503424,-4.9947421804685055,0.0,-1.6314314041503424,-4.9947421804685055,-0.0,-2.1678633921607924,6.7042220595918,-0.0,-2.1678633921607924,6.7042220595918,0.0,-0.31370226290262804,-0.017537740009677658,0.0,-0.31370226290262804,-0.017537740009677658,-0.0,-0.5266431793856055,-0.06237390989362164,-0.0,-0.5266431793856055,-0.06237390989362164,0
30,0.30612244897959173,0.0,-0.5537026626740621,-0.2618408432103643,0.0,-0.5537026626740621,-0.2618408432103643,-0.0,0.37478242032283743,-0.0654562587579192,-0.0,0.37478242032283743,-0.0654562587579192,0.0,-1.7598495200707192,-4.132569682941571,0.0,-1.7598495200707192,-4.132569682941571,-0.0,-2.6758075115482796,6.439665747217544,-0.0,-2.6758075115482796,6.439665747217544,0.0,-0.3009026584508366,-0.015711431897155605,0.0,-0.3009026584508366,-0.015711431897155605,-0.0,-0.5113194273497096,-0.05748082324229768,-0.0,-0.5113194273497096,-0.05748082324229768,0
31,0.31632653061224486,0.0,-0.5725742958687088,-0.29517411591588716,0.0,-0.5725742958687088,-0.29517411591588716,-0.0,0.3431931282098239,-0.0030652997641147884,-0.0,0.3431931282098239,-0.0030652997641147884,0.0,-1.868291686270012,-3.299993997846757,0.0,-1.868291686270012,-3.299993997846757,-0.0,-3.127339919188348,6.176704940386636,-0.0,-3.127339919188348,6.176704940386636,0.0,-0.28864198322033613,-0.014004375573407493,0.0,-0.28864198322033613,-0.014004375573407493,-0.0,-0.497080286468976,-0.05233981721465566,-0.0,-0.497080286468976,-0.05233981721465566,0
32,0.32653061224489793,0.0,-0.5923494242813484,-0.320395366723094,0.0,-0.5923494242813484,-0.320395366723094,-0.0,0.30759328853707063,0.05668201746973717,-0.0,0.30759328853707063,0.05668201746973717,0.0,-1.9577377128513207,-2.496903829913481,0.0,-1.9577377128513207,-2.496903829913481,-0.0,-3.524384127602568,5.914984406151344,-0.0,-3.524384127602568,5.914984406151344,0.0,-0.2769290939469012,-0.012454726898630036,0.0,-0.2769290939469012,-0.012454726898630036,-0.0,-0.4837848631280188,-0.047045761698010814,-0.0,-0.4837848631280188,-0.047045761698010814,0
33,0.336734693877551,0.0,-0.6128461082138633,-0.33780146486401885,0.0,-0.6128461082138633,-0.33780146486401885,-0.0,0.26851441131563414,0.11379484625196168,-0.0,0.26851441131563414,0.11379484625196168,0.0,-2.0291717093189887,-1.7232037159515583,0.0,-2.0291717093189887,-1.7232037159515583,-0.0,-3.8688088449222167,5.654170049440225,-0.0,-3.8688088449222167,5.654170049440225,0.0,-0.2657823359295106,-0.011086864842244111,0.0,-0.2657823359295106,-0.011086864842244111,-0.0,-0.4712866414405478,-0.04168990086946106,-0.0,-0.4712866414405478,-0.04168990086946106,0
34,0.3469387755102041,0.0,-0.6338923668421563,-0.34768846491001065,0.0,-0.6338923668421563,-0.34768846491001065,-0.0,0.2264695165331322,0.16827916364260512,-0.0,0.2264695165331322,0.16827916364260512,0.0,-2.083579604200988,-0.9788130045531865,0.0,-2.083579604200988,-0.9788130045531865,-0.0,-4.162444583467694,5.393947421673702,-0.0,-4.162444583467694,5.393947421673702,0.0,-0.25523085282509667,-0.00991474329599745,0.0,-0.25523085282509667,-0.00991474329599745,-0.0,-0.4594398562998832,-0.036358433797067886,-0.0,-0.4594398562998832,-0.036358433797067886,0
35,0.3571428571428571,0.0,-0.6553261710816536,-0.35035174804999164,0.0,-0.6553261710816536,-0.35035174804999164,-0.0,0.18195335432340623,0.22013795392370664,-0.0,0.18195335432340623,0.22013795392370664,0.0,-2.121946619710232,-0.2636650308581162,0.0,-2.121946619710232,-0.2636650308581162,-0.0,-4.407100058762873,5.134020237829049,-0.0,-4.407100058762873,5.134020237829049,0.0,-0.2453147913780992,-0.008944523402947884,0.0,-0.2453147913780992,-0.008944523402947884,-0.0,-0.44810541270327625,-0.031131331387273788,-0.0,-0.44810541270327625,-0.031131331387273788,0
36,0.36734693877551017,0.0,-0.6769954107881281,-0.34608615654833563,0.0,-0.6769954107881281,-0.34608615654833563,-0.0,0.13544246633520984,0.26937137713614207,-0.0,0.13544246633520984,0.26937137713614207,0.0,-2.145254730940972,0.42229355866394847,0.0,-2.145254730940972,0.42229355866394847,-0.0,-4.604577910831446,4.874108898031114,-0.0,-4.604577910831446,4.874108898031114,0.0,-0.2360846541906237,-0.008176565894757062,0.0,-0.2360846541906237,-0.008176565894757062,-0.0,-0.4371561273575664,-0.026081392677424948,-0.0,-0.4371561273575664,-0.026081392677424948,0
37,0.3775510204081632,0.0,-0.698757836464558,-0.33518612240300905,0.0,-0.698757836464558,-0.33518612240300905,-0.0,0.08739510038649363,0.31597692270927075,-0.0,0.08739510038649363,0.31597692270927075,0.0,-2.1544801419665727,1.079103380387329,0.0,-2.1544801419665727,1.079103380387329,-0.0,-4.7566892289229035,4.613949011739731,-0.0,-4.7566892289229035,4.613949011739731,0.0,-0.22759997345336985,-0.007606877544123584,0.0,-0.22759997345336985,-0.007606877544123584,-0.0,-0.42648107210694336,-0.021273522491815074,-0.0,-0.42648107210694336,-0.021273522491815074,0
38,0.3877551020408163,0.0,-0.7204809760586219,-0.31794579071156526,0.0,-0.7204809760586219,-0.31794579071156526,-0.0,0.03825099581985452,0.35994954821463565,-0.0,0.03825099581985452,0.35994954821463565,0.0,-2.1505908198123205,1.7067928374529329,0.0,-2.1505908198123205,1.7067928374529329,-0.0,-4.865266352097274,4.353289925031125,-0.0,-4.865266352097274,4.353289925031125,0.0,-0.21992741032578209,-0.007228108962369104,0.0,-0.21992741032578209,-0.007228108962369104,-0.0,-0.41598885275070313,-0.01676420368194386,-0.0,-0.41598885275070313,-0.01676420368194386,0
39,0.3979591836734693,0.0,-0.7420420278092567,-0.2946591377206372,0.0,-0.7420420278092567,-0.2946591377206372,-0.0,-0.01156893801585502,0.401281803333068,-0.0,-0.01156893801585502,0.401281803333068,0.0,-2.1345441233128546,2.3053786461018806,0.0,-2.1345441233128546,2.3053786461018806,-0.0,-4.932173449735244,4.091893256724793,-0.0,-4.932173449735244,4.091893256724793,0.0,-0.21313834210001129,-0.007030199323199498,0.0,-0.21313834210001129,-0.007030199323199498,-0.0,-0.40560974191775145,-0.012601137951740598,-0.0,-0.40560974191775145,-0.012601137951740598,0
40,0.4081632653061224,0.0,-0.7633277304148065,-0.26562008300813367,0.0,-0.7633277304148065,-0.26562008300813367,-0.0,-0.0616630234713095,0.4399639392389128,-0.0,-0.0616630234713095,0.4399639392389128,0.0,-2.1072845579494395,2.8748664165378366,0.0,-2.1072845579494395,2.8748664165378366,-0.0,-4.959314460089994,3.8295314546786368,-0.0,-4.959314460089994,3.8295314546786368,0.0,-0.20730597824242092,-0.007000759202903228,0.0,-0.20730597824242092,-0.007000759202903228,-0.0,-0.3952966787790777,-0.008823036001781049,-0.0,-0.3952966787790777,-0.008823036001781049,0
41,0.4183673469387754,0.0,-0.7842342120216835,-0.23112259475365285,0.0,-0.7842342120216835,-0.23112259475365285,-0.0,-0.11164926668419646,0.4759840037805576,-0.0,-0.11164926668419646,0.4759840037805576,0.0,-2.069741679080816,3.4152513371936033,0.0,-2.069741679080816,3.4152513371936033,-0.0,-4.948638078075808,3.565986389622842,-0.0,-4.948638078075808,3.565986389622842,0.0,-0.20250204570564928,-0.007125276655022858,0.0,-0.20250204570564928,-0.007125276655022858,-0.0,-0.3850252330914122,-0.005459546965446515,-0.0,-0.3850252330914122,-0.005459546965446515,0
42,0.4285714285714285,0.0,-0.8046668196428554,-0.19146078662452573,0.0,-0.8046668196428554,-0.19146078662452573,-0.0,-0.16116582857517123,0.5093279230613198,-0.0,-0.16116582857517123,0.5093279230613198,0.0,-2.022828154496016,3.9265190047835854,0.0,-2.022828154496016,3.9265190047835854,-0.0,-4.902139627206504,3.3010480087954552,-0.0,-4.902139627206504,3.3010480087954552,0.0,-0.19879310281746193,-0.00738722426188193,0.0,-0.19879310281746193,-0.00738722426188193,-0.0,-0.37479269441870056,-0.0025313259995321776,-0.0,-0.37479269441870056,-0.0025313259995321776,0
43,0.4387755102040816,0.0,-0.824539930635294,-0.14692900448599683,0.0,-0.824539930635294,-0.14692900448599683,-0.0,-0.2098714832895176,0.5399795702889543,-0.0,-0.2098714832895176,0.5399795702889543,0.0,-1.9674379882514248,4.408646431714362,0.0,-1.9674379882514248,4.408646431714362,-0.0,-4.821859816720286,3.0345130755358167,-0.0,-4.821859816720286,3.0345130755358167,0.0,-0.19623657244529988,-0.007768135515615586,0.0,-0.19623657244529988,-0.007768135515615586,-0.0,-0.3646164801998979,-5.024485177483216e-05,-0.0,-0.3646164801998979,-5.024485177483216e-05,0
44,0.4489795918367346,0.0,-0.8437767477921688,-0.09782190097023241,0.0,-0.8437767477921688,-0.09782190097023241,-0.0,-0.25744603436324104,0.5679208230426064,-0.0,-0.25744603436324104,0.5679208230426064,0.0,-1.9044448985306155,4.861603248060676,0.0,-1.9044448985306155,4.861603248060676,-0.0,-4.70988055629862,2.766184022611559,-0.0,-4.70988055629862,2.766184022611559,0.0,-0.19487662777308384,-0.008247707801216456,0.0,-0.19487662777308384,-0.008247707801216456,-0.0,-0.3545320604094004,0.0019802478603369216,-0.0,-0.3545320604094004,0.0019802478603369216,0
45,0.45918367346938765,0.0,-0.862309079510155,-0.044434495957953714,0.0,-0.862309079510155,-0.044434495957953714,-0.0,-0.3035906622918194,0.5931316103831754,-0.0,-0.3035906622918194,0.5931316103831754,0.0,-1.8347008400806428,5.285353096215592,0.0,-1.8347008400806428,5.285353096215592,-0.0,-4.5683181649292655,2.4958679467163294,-0.0,-4.5683181649292655,2.4958679467163294,0.0,-0.194740107604433,-0.00880397594711647,0.0,-0.194740107604433,-0.00880397594711647,-0.0,-0.3445905759812706,0.0035646126091476685,-0.0,-0.3445905759812706,0.0035646126091476685,0
46,0.4693877551020408,0.0,-0.8800771064103214,0.012937778738066444,0.0,-0.8800771064103214,0.012937778738066444,-0.0,-0.34802818200630514,0.6155899514776814,-0.0,-0.34802818200630514,0.6155899514776814,0.0,-1.7590346631164755,5.679855194905995,0.0,-1.7590346631164755,5.679855194905995,-0.0,-4.399314451734081,2.223375768356093,-0.0,-4.399314451734081,2.223375768356093,0.0,-0.19583267768196463,-0.009413585513906706,0.0,-0.19583267768196463,-0.009413585513906706,-0.0,-0.3348562918478063,0.004714553853599834,-0.0,-0.3348562918478063,0.004714553853599834,0
47,0.47959183673469385,0.0,-0.897029135766092,0.07399905172280842,0.0,-0.897029135766092,0.07399905172280842,-0.0,-0.3905031946436073,0.6352719876055778,-0.0,-0.3905031946436073,0.6352719876055778,0.0,-1.6782509062212632,6.045066025489454,0.0,-1.6782509062212632,6.045066025489454,-0.0,-4.205026251092905,1.9485215766617383,-0.0,-4.205026251092905,1.9485215766617383,0.0,-0.1981354838403404,-0.010052179596451265,0.0,-0.1981354838403404,-0.010052179596451265,-0.0,-0.32540398488642214,0.005448215854984533,-0.0,-0.32540398488642214,0.005448215854984533,0
48,0.48979591836734687,0.0,-0.913121345186167,0.13845300192244137,0.0,-0.913121345186167,0.13845300192244137,-0.0,-0.4307821244955636,0.6521520095427205,-0.0,-0.4307821244955636,0.6521520095427205,0.0,-1.5931287325874304,6.380941069763662,0.0,-1.5931287325874304,6.380941069763662,-0.0,-3.9876140553436783,1.6711221717771327,-0.0,-3.9876140553436783,1.6711221717771327,0.0,-0.2016025533142374,-0.010694897649650571,0.0,-0.2016025533142374,-0.010694897649650571,-0.0,-0.31631632953747607,0.005789261653999986,-0.0,-0.31631632953747607,0.005789261653999986,0
49,0.5,0.0,-0.9283175172205204,0.2060028656316956,0.0,-0.9283175172205204,0.2060028656316956,-0.0,-0.46865313863205943,0.6662024823705933,-0.0,-0.46865313863205943,0.6662024823705933,0.0,-1.5044210314010007,6.687436507216169,0.0,-1.5044210314010007,6.687436507216169,-0.0,-3.7492303995130896,1.3909968099594097,-0.0,-3.7492303995130896,1.3909968099594097,0.0,-0.20615919031331123,-0.011316971210214256,0.0,-0.20615919031331123,-0.011316971210214256,-0.0,-0.30768131620699923,0.005765866665551045,-0.0,-0.30768131620699923,0.005765866665551045,0
50,0.5102040816326531,0.0,-0.942588766916617,0.27635145919421766,0.0,-0.942588766916617,0.27635145919421766,-0.0,-0.5039259529319633,0.677394069732442,-0.0,-0.5039259529319633,0.677394069732442,0.0,-1.4128537199135547,6.964510762689692,0.0,-1.4128537199135547,6.964510762689692,-0.0,-3.492008615690479,1.1079671488230192,-0.0,-3.492008615690479,1.1079671488230192,0.0,-0.2117015770443421,-0.011894390123097467,0.0,-0.2117015770443421,-0.011894390123097467,-0.0,-0.2995897222241246,0.005409664895103108,-0.0,-0.2995897222241246,0.005409664895103108,0
51,0.520408163265306,0.0,-0.9559132648186464,0.34920121460486897,0.0,-0.9559132648186464,0.34920121460486897,-0.0,-0.5364315337150177,0.6856956594544691,-0.0,-0.5364315337150177,0.6856956594544691,0.0,-1.3191252923009191,7.212125785654473,0.0,-1.3191252923009191,7.212125785654473,-0.0,-3.2180524975224,0.8218573824806871,-0.0,-3.2180524975224,0.8218573824806871,0.0,-0.21809773352039244,-0.01240460490015922,0.0,-0.21809773352039244,-0.01240460490015922,-0.0,-0.29213264879078527,0.004754688913299172,-0.0,-0.29213264879078527,0.004754688913299172,0
52,0.5306122448979591,0.0,-0.968275958432344,0.4242542241122568,0.0,-0.968275958432344,0.4242542241122568,-0.0,-0.5660217085012719,0.6910743922881074,-0.0,-0.5660217085012719,0.6910743922881074,0.0,-1.223906667756044,7.430247941231396,0.0,-1.223906667756044,7.430247941231396,-0.0,-2.9294273038391387,0.5324945505301909,-0.0,-2.9294273038391387,0.5324945505301909,0.0,-0.22518991124295848,-0.0128272263773493,0.0,-0.22518991124295848,-0.0128272263773493,-0.0,-0.28539913975772285,0.0038363436915313416,-0.0,-0.28539913975772285,0.0038363436915313416,0
53,0.5408163265306122,0.0,-0.9796682956995424,0.501212288783282,0.0,-0.9796682956995424,0.501212288783282,-0.0,-0.5925687024555948,0.6934956953183734,-0.0,-0.5925687024555948,0.6934956953183734,0.0,-1.1278413894526496,7.618848402431482,0.0,-1.1278413894526496,7.618848402431482,-0.0,-2.6281524014779705,0.23970899999632847,-0.0,-2.6281524014779705,0.23970899999632847,0.0,-0.23279840380985453,-0.013144682981588484,0.0,-0.23279840380985453,-0.013144682981588484,-0.0,-0.2794739022164792,0.002690449938565129,-0.0,-0.2794739022164792,0.002690449938565129,0
54,0.5510204081632653,0.0,-0.9900879544666767,0.5797769650773593,0.0,-0.9900879544666767,0.5797769650773593,-0.0,-0.6159646187231133,0.692923321344197,-0.0,-0.6159646187231133,0.692923321344197,0.0,-1.0315462179463126,7.777902953113667,0.0,-1.0315462179463126,7.777902953113667,-0.0,-2.3161957104843327,-0.056665023443464926,-0.0,-2.3161957104843327,-0.056665023443464926,0.0,-0.24072665916123948,-0.0133427982829115,0.0,-0.24072665916123948,-0.0133427982829115,-0.0,-0.2744351526616127,0.001352385363527898,-0.0,-0.2744351526616127,0.001352385363527898,0
55,0.5612244897959183,0.0,-0.9995385822143831,0.6596496028678067,0.0,-0.9995385822143831,0.6596496028678067,-0.0,-0.6361208811717565,0.6893193952932439,-0.0,-0.6361208811717565,0.6893193952932439,0.0,-0.9356121470229094,7.907391141254282,0.0,-0.9356121470229094,7.907391141254282,-0.0,-1.9954699824156727,-0.3567886790443524,-0.0,-1.9954699824156727,-0.3567886790443524,0.0,-0.2487674827795704,-0.013411256575282192,0.0,-0.2487674827795704,-0.013411256575282192,-0.0,-0.27035261400964483,-0.0001436565644061586,-0.0,-0.27035261400964483,-0.0001436565644061586,0
56,0.5714285714285714,0.0,-1.008029550383564,0.7405313681274408,0.0,-1.008029550383564,0.7405313681274408,-0.0,-0.6529676571852109,0.6826444684958859,-0.0,-0.6529676571852109,0.6826444684958859,0.0,-0.8406058487489075,8.007294760703763,0.0,-0.8406058487489075,8.007294760703763,-0.0,-1.6678308253319847,-0.6608177529384515,-0.0,-1.6678308253319847,-0.6608177529384515,0.0,-0.25671003743093734,-0.013343931288261382,0.0,-0.25671003743093734,-0.013343931288261382,-0.0,-0.26728568671087766,-0.0017652799299211531,-0.0,-0.26728568671087766,-0.0017652799299211531,0
57,0.5816326530612245,0.0,-1.0155757274506343,0.8221232437201347,0.0,-1.0155757274506343,0.8221232437201347,-0.0,-0.6664532763107616,0.6728575814369884,-0.0,-0.6664532763107616,0.6728575814369884,0.0,-0.7470715296399718,8.077595683676712,0.0,-0.7470715296399718,8.077595683676712,-0.0,-1.33507629342952,-0.9689018188308495,-0.0,-1.33507629342952,-0.9689018188308495,0.0,-0.2643472813727763,-0.01313905941368602,0.0,-0.2643472813727763,-0.01313905941368602,-0.0,-0.26528181192649886,-0.0034823696835812315,-0.0,-0.26528181192649886,-0.0034823696835812315,0
58,0.5918367346938777,0.0,-1.0221972744774688,0.904126002432711,0.0,-1.0221972744774688,0.904126002432711,-0.0,-0.6765436579970284,0.6599163354341612,-0.0,-0.6765436579970284,0.6599163354341612,0.0,-0.6555331556565988,8.118273112545046,0.0,-0.6555331556565988,8.118273112545046,-0.0,-0.9989477869404376,-1.2811833542798852,-0.0,-0.9989477869404376,-1.2811833542798852,0.0,-0.2714834477596028,-0.01279925397799254,0.0,-0.2714834477596028,-0.01279925397799254,-0.0,-0.2643750387693964,-0.005267449732162296,-0.0,-0.2643750387693964,-0.005267449732162296,0
59,0.6020408163265306,0.0,-1.0279194661962139,0.9862401475166775,0.0,-1.0279194661962139,0.9862401475166775,-0.0,-0.683221758615875,0.6437769735754616,-0.0,-0.683221758615875,0.6437769735754616,0.0,-0.5664969801557792,8.129300363312694,0.0,-0.5664969801557792,8.129300363312694,-0.0,-0.6611319612657923,-1.5977968240112608,-0.0,-0.6611319612657923,-1.5977968240112608,0.0,-0.2779411603703623,-0.012331355725390718,0.0,-0.2779411603703623,-0.012331355725390718,-0.0,-0.2645848037418368,-0.00709592567165686,-0.0,-0.2645848037418368,-0.00709592567165686,0
60,0.6122448979591836,0.0,-1.0327725399000236,1.0681658175273938,0.0,-1.0327725399000236,1.0681658175273938,-0.0,-0.6864870447423616,0.624394471179598,-0.0,-0.6864870447423616,0.624394471179598,0.0,-0.4804542966771636,8.110641331060904,0.0,-0.4804542966771636,8.110641331060904,-0.0,-0.32326332652216505,-1.918867737190496,-0.0,-0.32326332652216505,-1.918867737190496,0.0,-0.2835677982900858,-0.011746133288963878,0.0,-0.2835677982900858,-0.011746133288963878,-0.0,-0.26591492309044484,-0.008946224275140852,-0.0,-0.26591492309044484,-0.008946224275140852,0
61,0.6224489795918366,0.0,-1.0367915735150193,1.1496026540405504,0.0,-1.0367915735150193,1.1496026540405504,-0.0,-0.6863549963837436,0.6017226360373964,-0.0,-0.6863549963837436,0.6017226360373964,0.0,-0.39788432788456574,8.062246814802494,0.0,-0.39788432788456574,8.062246814802494,-0.0,0.013072787503165567,-2.2445116790779545,-0.0,0.013072787503165567,-2.2445116790779545,0.0,-0.28824077126064634,-0.0110578488492095,0.0,-0.28824077126064634,-0.0110578488492095,-0.0,-0.2683528008770064,-0.010799843040735708,-0.0,-0.2683528008770064,-0.010799843040735708,0
62,0.6326530612244897,0.0,-1.040016393387634,1.2302496327623844,0.0,-1.040016393387634,1.2302496327623844,-0.0,-0.6828566407843927,0.5757142187316556,-0.0,-0.6828566407843927,0.5757142187316556,0.0,-0.31925716738886784,7.984050893461576,0.0,-0.31925716738886784,7.984050893461576,-0.0,0.3463372043357476,-2.5748333132683374,-0.0,0.3463372043357476,-2.5748333132683374,0.0,-0.2918714354295666,-0.010283712398127993,0.0,-0.2918714354295666,-0.010283712398127993,-0.0,-0.27186885199489946,-0.012641321556034944,-0.0,-0.27186885199489946,-0.012641321556034944,0
63,0.6428571428571428,0.0,-1.042491511599932,1.3098048604731074,0.0,-1.042491511599932,1.3098048604731074,-0.0,-0.6760381146098627,0.5463210334312084,-0.0,-0.6760381146098627,0.5463210334312084,0.0,-0.24503670301751723,7.875967543361567,0.0,-0.24503670301751723,7.875967543361567,-0.0,0.6750340912784561,-2.909925344744273,-0.0,0.6750340912784561,-2.909925344744273,0.0,-0.29440746512624094,-0.009443252685569968,0.0,-0.29440746512624094,-0.009443252685569968,-0.0,-0.2764161438616724,-0.01445814452037706,-0.0,-0.2764161438616724,-0.01445814452037706,0
64,0.6530612244897959,0.0,-1.0442660921277152,1.3879653419961202,0.0,-1.0442660921277152,1.3879653419961202,-0.0,-0.6659602498933621,0.5134940896852216,-0.0,-0.6659602498933621,0.5134940896852216,0.0,-0.1756834722505186,7.737887670778262,0.0,-0.1756834722505186,7.737887670778262,-0.0,0.9977086069335664,-3.2498674308526967,-0.0,0.9977086069335664,-3.2498674308526967,0.0,-0.29583358982068797,-0.008557636282266173,0.0,-0.29583358982068797,-0.008557636282266173,-0.0,-0.28193026132809923,-0.016240582988691927,-0.0,-0.28193026132809923,-0.016240582988691927,0
65,0.6632653061224488,0.0,-1.0453939449197036,1.4644267228224324,0.0,-1.0453939449197036,1.4644267228224324,-0.0,-0.6526981771238257,0.4771837359226605,-0.0,-0.6526981771238257,0.4771837359226605,0.0,-0.11165742640687928,7.569676701804917,0.0,-0.11165742640687928,7.569676701804917,-0.0,1.3129452041840923,-3.594725022493551,-0.0,1.3129452041840923,-3.594725022493551,0.0,-0.29617070416816377,-0.007648968351705318,0.0,-0.29617070416816377,-0.007648968351705318,-0.0,-0.28832939979593886,-0.01798147692484864,-0.0,-0.28832939979593886,-0.01798147692484864,0
66,0.673469387755102,0.0,-1.0459335471050035,1.5388830140157153,0.0,-1.0459335471050035,1.5388830140157153,-0.0,-0.6363409372477921,0.43733981555937906,-0.0,-0.6363409372477921,0.43733981555937906,0.0,-0.053420616344704096,7.371172828134994,0.0,-0.053420616344704096,7.371172828134994,-0.0,1.6193667477273257,-3.94454811596486,-0.0,1.6193667477273257,-3.94454811596486,0.0,-0.29547344869385916,-0.006739609079637546,0.0,-0.29547344869385916,-0.006739609079637546,-0.0,-0.2955146940632232,-0.019675959243937564,-0.0,-0.2955146940632232,-0.019675959243937564,0
67,0.6836734693877551,0.0,-1.0459480909564092,1.6110263064980543,0.0,-1.0459480909564092,1.6110263064980543,-0.0,-0.6169910932018289,0.3939118368432839,-0.0,-0.6169910932018289,0.3939118368432839,0.0,-0.001439841289148311,7.142185955751596,0.0,-0.001439841289148311,7.142185955751596,-0.0,1.9156345605503595,-4.2993698928934165,-0.0,1.9156345605503595,-4.2993698928934165,0.0,-0.2938264443574634,-0.005851539115289868,0.0,-0.2938264443574634,-0.005851539115289868,-0.0,-0.30337078616738095,-0.021321118577374048,-0.0,-0.30337078616738095,-0.021321118577374048,0
68,0.6938775510204082,0.0,-1.0455055590234579,1.6805464817290159,0.0,-1.0455055590234579,1.6805464817290159,-0.0,-0.5947643307753471,0.3468491578103138,-0.0,-0.5947643307753471,0.3468491578103138,0.0,0.04381066136219221,6.882497347865161,0.0,0.04381066136219221,6.882497347865161,-0.0,2.200449480221696,-4.659205224264041,-0.0,2.200449480221696,-4.659205224264041,0.0,-0.29133943053558864,-0.005005805133328164,0.0,-0.29133943053558864,-0.005005805133328164,-0.0,-0.3117666357074758,-0.02291559674261414,-0.0,-0.3117666357074758,-0.02291559674261414,0
69,0.7040816326530611,0.0,-1.0446788278802428,1.7471309251529128,0.0,-1.0446788278802428,1.7471309251529128,-0.0,-0.5697890381595394,0.2961011879786951,-0.0,-0.5697890381595394,0.2961011879786951,0.0,0.08184638317829245,6.5918598989658115,0.0,0.08184638317829245,6.5918598989658115,-0.0,2.472553968964959,-5.024049013330254,-0.0,2.472553968964959,-5.024049013330254,0.0,-0.28814161097020874,-0.004222073498640984,0.0,-0.28814161097020874,-0.004222073498640984,-0.0,-0.3205565701631834,-0.024459116138573288,-0.0,-0.3205565701631834,-0.024459116138573288,0
70,0.7142857142857142,0.0,-1.043545803249872,1.8104642476561517,0.0,-1.043545803249872,1.8104642476561517,-0.0,-0.5422058533286852,0.24161760867577747,-0.0,-0.5422058533286852,0.24161760867577747,0.0,0.11216943840669012,6.2699989278206125,0.0,0.11216943840669012,6.2699989278206125,-0.0,2.7307352982545647,-5.393874350988843,-0.0,2.7307352982545647,-5.393874350988843,0.0,-0.28437554277163785,-0.003518315536093904,0.0,-0.28437554277163785,-0.003518315536093904,-0.0,-0.3295815724104332,-0.025951933606580296,-0.0,-0.3295815724104332,-0.025951933606580296,0
71,0.7244897959183672,0.0,-1.042189590708644,1.870228018742789,0.0,-1.042189590708644,1.870228018742789,-0.0,-0.5121671684042799,0.18334861416583895,-0.0,-0.5121671684042799,0.18334861416583895,0.0,0.13426504158157831,5.91661333757718,0.0,0.13426504158157831,5.91661333757718,-0.0,2.9738298075161134,-5.768630456483912,-0.0,2.9738298075161134,-5.768630456483912,0.0,-0.2801909190347482,-0.002910642812462143,0.0,-0.2801909190347482,-0.002910642812462143,-0.0,-0.33867081355409695,-0.027394222850269163,-0.0,-0.33867081355409695,-0.027394222850269163,0
72,0.7346938775510203,0.0,-1.0406987077017504,1.926100513333576,0.0,-1.0406987077017504,1.926100513333576,-0.0,-0.47983658035818366,0.12124517444924814,-0.0,-0.47983658035818366,0.12124517444924814,0.0,0.14759741768246948,5.531376964487829,0.0,0.14759741768246948,5.531376964487829,-0.0,3.200728216563523,-6.148240531942492,-0.0,3.200728216563523,-6.148240531942492,0.0,-0.275738592868165,-0.0024133045894944444,0.0,-0.275738592868165,-0.0024133045894944444,-0.0,-0.3476433548137733,-0.028785374116886888,-0.0,-0.3476433548137733,-0.028785374116886888,0
73,0.7448979591836734,0.0,-1.0391673442013787,1.9777564721433627,0.0,-1.0391673442013787,1.9777564721433627,-0.0,-0.445388276051372,0.0552593235781202,-0.0,-0.445388276051372,0.0552593235781202,0.0,0.15160498653679924,5.113939922168927,0.0,0.15160498653679924,5.113939922168927,-0.0,3.410382126374357,-6.532599236241667,-0.0,3.410382126374357,-6.532599236241667,0.0,-0.27117854977336037,-0.002096509229309013,0.0,-0.27117854977336037,-0.002096509229309013,-0.0,-0.3563171322226359,-0.03012415582411312,-0.0,-0.3563171322226359,-0.03012415582411312,0
74,0.7551020408163264,0.0,-1.0376956841158926,2.0248310121417687,0.0,-1.0376956841158926,2.0248310121417687,-0.0,-0.4090063500135724,-0.01465551784536577,-0.0,-0.4090063500135724,-0.01465551784536577,0.0,0.14569434846311805,4.660379459842251,0.0,0.14569434846311805,4.660379459842251,-0.0,3.6018106777421512,-6.92156930092511,-0.0,3.6018106777421512,-6.92156930092511,0.0,-0.26660883571126676,-0.002008942429734795,0.0,-0.26660883571126676,-0.002008942429734795,-0.0,-0.36450214700543543,-0.0314066020695465,-0.0,-0.36450214700543543,-0.0314066020695465,0
75,0.7653061224489796,0.0,-1.0363902960168958,2.066896528207077,0.0,-1.0363902960168958,2.066896528207077,-0.0,-0.37088403476076254,-0.08854419160001165,-0.0,-0.37088403476076254,-0.08854419160001165,0.0,0.12923342180068337,4.164486090465508,0.0,0.12923342180068337,4.164486090465508,-0.0,3.774109210028171,-7.314978701709939,-0.0,3.774109210028171,-7.314978701709939,0.0,-0.26209585943770025,-0.0021343476154478723,0.0,-0.26209585943770025,-0.0021343476154478723,-0.0,-0.3719973290513339,-0.03262458706179112,-0.0,-0.3719973290513339,-0.03262458706179112,0
76,0.7755102040816326,0.0,-1.0353645999171572,2.1034801587152456,0.0,-1.0353645999171572,2.1034801587152456,-0.0,-0.33122283352287984,-0.16644941424561355,-0.0,-0.33122283352287984,-0.16644941424561355,0.0,0.1015439138741221,3.6217794203086457,0.0,0.1015439138741221,3.6217794203086457,-0.0,3.9264589225503994,-7.712617041914591,-0.0,3.9264589225503994,-7.712617041914591,0.0,-0.2577342994697658,-0.00250592072709531,0.0,-0.2577342994697658,-0.00250592072709531,-0.0,-0.3786071618779771,-0.03376684033531927,-0.0,-0.3786071618779771,-0.03376684033531927,0
77,0.7857142857142858,0.0,-1.034739424583604,2.1340508734297976,0.0,-1.034739424583604,2.1340508734297976,-0.0,-0.2902315573267219,-0.24841135493547223,-0.0,-0.2902315573267219,-0.24841135493547223,0.0,0.06189235802173645,3.026500756740604,0.0,0.06189235802173645,3.026500756740604,-0.0,4.058136343419635,-8.114232128296008,-0.0,4.058136343419635,-8.114232128296008,0.0,-0.2536098430624598,-0.003109496252191667,0.0,-0.2536098430624598,-0.003109496252191667,-0.0,-0.38413471804450994,-0.03481680931265839,-0.0,-0.38413471804450994,-0.03481680931265839,0
78,0.7959183673469385,0.0,-1.034643660373654,2.158037097763836,0.0,-1.034643660373654,2.158037097763836,-0.0,-0.2481252510490728,-0.33446717326450726,-0.0,-0.2481252510490728,-0.33446717326450726,0.0,0.009480656785065726,2.3746362090698008,0.0,0.009480656785065726,2.3746362090698008,-0.0,4.1685243214872605,-8.51952601457447,-0.0,4.1685243214872605,-8.51952601457447,0.0,-0.24983143257771043,-0.003918225096777967,0.0,-0.24983143257771043,-0.003918225096777967,-0.0,-0.3883902621644687,-0.035752598760725396,-0.0,-0.3883902621644687,-0.035752598760725396,0
79,0.8061224489795917,0.0,-1.035215017864143,2.174853772488407,0.0,-1.035215017864143,2.174853772488407,-0.0,-0.20512399567178463,-0.42465051370049034,-0.0,-0.20512399567178463,-0.42465051370049034,0.0,-0.05656439155840731,1.6648507977325913,0.0,-0.05656439155840731,1.6648507977325913,-0.0,4.257124282351523,-8.928150703162311,-0.0,4.257124282351523,-8.928150703162311,0.0,-0.24649917465030033,-0.005208571257559233,0.0,-0.24649917465030033,-0.005208571257559233,-0.0,-0.4110689563469669,-0.039240074708918805,-0.0,-0.4110689563469669,-0.039240074708918805,0
80,0.8163265306122448,0.0,-1.036596144615647,2.1838071712411655,0.0,-1.036596144615647,2.1838071712411655,-0.0,-0.16200496612133283,-0.5190379578062786,-0.0,-0.16200496612133283,-0.5190379578062786,0.0,-0.1367315483989159,0.8863864765231082,0.0,-0.1367315483989159,0.8863864765231082,-0.0,4.268783925494726,-9.344356966473038,-0.0,4.268783925494726,-9.344356966473038,0.0,-1.1054514008249932,-0.13265522261110843,0.0,-1.1054514008249932,-0.13265522261110843,-0.0,-4.6558720739778385,8.372829136506182,-0.0,-4.6558720739778385,8.372829136506182,1
81,0.8265306122448978,0.0,-1.0377532731097519,2.183885550380788,0.0,-1.0377532731097519,2.183885550380788,-0.0,-0.1144050041999267,-0.6175083998958814,-0.0,-0.1144050041999267,-0.6175083998958814,0.0,-0.1145557209164152,0.007759534822548306,0.0,-0.1145557209164152,0.007759534822548306,-0.0,4.7123962302193805,-9.748573766870603,-0.0,4.7123962302193805,-9.748573766870603,0.0,-0.2856810795433328,-0.04816954689474391,0.0,-0.2856810795433328,-0.04816954689474391,-0.0,2.4230808041955445,10.806805557802422,-0.0,2.4230808041955445,10.806805557802422,1
82,0.8367346938775508,0.0,-1.0212470551547552,2.2004668490260326,0.0,-1.0212470551547552,2.2004668490260326,-0.0,-0.07884733330089996,-0.7266587371869467,-0.0,-0.07884733330089996,-0.7266587371869467,0.0,1.6341155775447096,1.6415485658792928,0.0,1.6341155775447096,1.6415485658792928,-0.0,3.5202094190035105,-10.805883391815604,-0.0,3.5202094190035105,-10.805883391815604,0.0,-0.05831381132891941,0.00823468975962468,0.0,-0.05831381132891941,0.00823468975962468,-0.0,-0.1989913390778168,-0.013720147012261574,-0.0,-0.1989913390778168,-0.013720147012261574,1
83,0.846938775510204,0.0,-1.0066914307704047,2.222513938206588,0.0,-1.0066914307704047,2.222513938206588,-0.0,-0.05058896705246174,-0.8218536206815128,-0.0,-0.05058896705246174,-0.8218536206815128,0.0,1.4410068140507335,2.182661828874956,0.0,1.4410068140507335,2.182661828874956,-0.0,2.797578258595345,-9.424293465962068,-0.0,2.797578258595345,-9.424293465962068,0.0,-0.19848438950732175,0.013821395786416652,0.0,-0.19848438950732175,0.013821395786416652,-0.0,-0.019207735439050168,0.013635699797444894,-0.0,-0.019207735439050168,0.013635699797444894,1
84,0.8571428571428571,0.0,-0.999543886236364,2.2516509666223206,0.0,-0.999543886236364,2.2516509666223206,-0.0,-0.02448172035892319,-0.9003964463657015,-0.0,-0.02448172035892319,-0.9003964463657015,0.0,0.707606908870039,2.884565813157524,0.0,0.707606908870039,2.884565813157524,-0.0,2.5846174226603127,-7.775739742734683,-0.0,2.5846174226603127,-7.775739742734683,0.0,-0.49769499796799865,-8.384030096527649,0.0,-0.49769499796799865,-8.384030096527649,-0.0,-0.6595413656500174,-0.04242691725504894,-0.0,-0.6595413656500174,-0.04242691725504894,2
85,0.8673469387755101,0.0,-1.0058914804586008,2.2892374105708044,0.0,-1.0058914804586008,2.2892374105708044,-0.0,-0.0062987702804108816,-0.9635770232718931,-0.0,-0.0062987702804108816,-0.9635770232718931,0.0,-0.6284118280014706,3.72105795089994,0.0,-0.6284118280014706,3.72105795089994,-0.0,1.8001120577727423,-6.254877113712941,-0.0,1.8001120577727423,-6.254877113712941,0.0,0.813792558597144,-1.7415995615530309,0.0,0.813792558597144,-1.7415995615530309,-0.0,0.09985101262343772,0.884380772744652,-0.0,0.09985101262343772,0.884380772744652,2
86,0.8775510204081632,0.0,-1.010045904300629,2.323182139771032,0.0,-1.010045904300629,2.323182139771032,-0.0,0.008164618892187246,-1.017930897128497,-0.0,0.008164618892187246,-1.017930897128497,0.0,-0.41128796036080256,3.360528190822528,0.0,-0.41128796036080256,3.360528190822528,-0.0,1.4318755280872169,-5.381033511803791,-0.0,1.4318755280872169,-5.381033511803791,0.0,0.7228244387906966,-1.660329297427426,0.0,0.7228244387906966,-1.660329297427426,-0.0,0.1416424187533417,0.966038253842415,-0.0,0.1416424187533417,0.966038253842415,2
87,0.8877551020408162,0.0,-1.0121088531469815,2.353595096418367,0.0,-1.0121088531469815,2.353595096418367,-0.0,0.019328141975221924,-1.0642090166406488,-0.0,0.019328141975221924,-1.0642090166406488,0.0,-0.20423193578890808,3.010882708086162,0.0,-0.20423193578890808,3.010882708086162,-0.0,1.1051887852204307,-4.5815338317030125,-0.0,1.1051887852204307,-4.5815338317030125,0.0,0.6752192707107587,-1.6329244942016425,0.0,0.6752192707107587,-1.6329244942016425,-0.0,0.12736081129605062,1.0172023585330552,-0.0,0.12736081129605062,1.0172023585330552,2
88,0.8979591836734692,0.0,-1.0123163002779982,2.3806287328652607,0.0,-1.0123163002779982,2.3806287328652607,-0.0,0.027616265697783807,-1.103110345906066,-0.0,0.027616265697783807,-1.103110345906066,0.0,-0.02053726597066483,2.6763300082425125,0.0,-0.02053726597066483,2.6763300082425125,-0.0,0.8205242485336234,-3.8512315972763056,-0.0,0.8205242485336234,-3.8512315972763056,0.0,0.6273575728618778,-1.6075820096918882,0.0,0.6273575728618778,-1.6075820096918882,-0.0,0.12842051394947834,1.0604827279332154,-0.0,0.12842051394947834,1.0604827279332154,2
89,0.9081632653061223,0.0,-1.0109300133311587,2.4044458237936706,0.0,-1.0109300133311587,2.4044458237936706,-0.0,0.03343151825946207,-1.1353113280572047,-0.0,0.03343151825946207,-1.1353113280572047,0.0,0.13724240773712365,2.3578920019126017,0.0,0.13724240773712365,2.3578920019126017,-0.0,0.5757100036061453,-3.1878972329627238,-0.0,0.5757100036061453,-3.1878972329627238,0.0,0.566802786031284,-1.611560862353954,0.0,0.566802786031284,-1.611560862353954,-0.0,0.08652860052640937,1.0743046950249595,-0.0,0.08652860052640937,1.0743046950249595,2
90,0.9183673469387753,0.0,-1.0082265916096416,2.4252032637209413,0.0,-1.0082265916096416,2.4252032637209413,-0.0,0.037155778561236245,-1.1614705961680467,-0.0,0.037155778561236245,-1.1614705961680467,0.0,0.2676387504301721,2.054986552799796,0.0,0.2676387504301721,2.054986552799796,-0.0,0.3687017698756429,-2.5897675429733735,-0.0,0.3687017698756429,-2.5897675429733735,0.0,0.5042750306938222,-1.6257956073299713,0.0,0.5042750306938222,-1.6257956073299713,-0.0,0.03288755410599604,1.0716514026626587,-0.0,0.03288755410599604,1.0716514026626587,2
91,0.9285714285714286,0.0,-1.0045000060926452,2.443059534410907,0.0,-1.0045000060926452,2.443059534410907,-0.0,0.039150609378703086,-1.1822319038375788,-0.0,0.039150609378703086,-1.1822319038375788,0.0,0.3689319661826533,1.7677707983066373,0.0,0.3689319661826533,1.7677707983066373,-0.0,0.19748825092921643,-2.055369459283668,-0.0,0.19748825092921643,-2.055369459283668,0.0,0.45233978322541907,-1.6378857445217712,0.0,0.45233978322541907,-1.6378857445217712,-0.0,-0.0003550452445809775,1.0648722191353788,-0.0,-0.0003550452445809775,1.0648722191353788,2
92,0.9387755102040816,0.0,-1.0000503822492537,2.458165816099175,0.0,-1.0000503822492537,2.458165816099175,-0.0,0.03975860961350126,-1.1982273994876727,-0.0,0.03975860961350126,-1.1982273994876727,0.0,0.4405127604957664,1.4955218871385407,0.0,0.4405127604957664,1.4955218871385407,-0.0,0.06019202324501748,-1.5835540693592811,-0.0,0.06019202324501748,-1.5835540693592811,0.0,0.4029668220738265,-1.6417351297419167,0.0,0.4029668220738265,-1.6417351297419167,-0.0,-0.019922608155784408,1.0530298252880073,-0.0,-0.019922608155784408,1.0530298252880073,2
93,0.9489795918367345,0.0,-0.9951923865239684,2.4706801787376302,0.0,-0.9951923865239684,2.4706801787376302,-0.0,0.039306085228925584,-1.2100783478681023,-0.0,0.039306085228925584,-1.2100783478681023,0.0,0.480941576803244,1.2389219012071115,0.0,0.480941576803244,1.2389219012071115,-0.0,-0.04479991407299112,-1.1732438896625403,-0.0,-0.04479991407299112,-1.1732438896625403,0.0,0.3604151208110763,-1.63985971852777,0.0,0.3604151208110763,-1.63985971852777,-0.0,-0.02582847183566839,1.0379184693586427,-0.0,-0.02582847183566839,1.0379184693586427,2
94,0.9591836734693875,0.0,-0.9902487347324896,2.480765037658803,0.0,-0.9902487347324896,2.480765037658803,-0.0,0.03810608466267168,-1.2183970616465971,-0.0,0.03810608466267168,-1.2183970616465971,0.0,0.48942152735639094,0.9984010331960615,0.0,0.48942152735639094,0.9984010331960615,-0.0,-0.118800056059137,-0.8235526640709703,-0.0,-0.118800056059137,-0.8235526640709703,0.0,0.3248197607510592,-1.6331754210426435,0.0,0.3248197607510592,-1.6331754210426435,-0.0,-0.018614693580377643,1.021522641720216,-0.0,-0.018614693580377643,1.021522641720216,2
95,0.969387755102041,0.0,-0.9855457655263714,2.4885858830671808,0.0,-0.9855457655263714,2.4885858830671808,-0.0,0.036461993737080006,-1.2237883017063886,-0.0,0.036461993737080006,-1.2237883017063886,0.0,0.46559395140572746,0.7742636954293503,0.0,0.46559395140572746,0.7742636954293503,-0.0,-0.1627650016335752,-0.5337327659193629,-0.0,-0.1627650016335752,-0.5337327659193629,0.0,0.28792790522782563,-1.6240987535170244,0.0,0.28792790522782563,-1.6240987535170244,-0.0,0.03252173699005806,1.0344988993144622,-0.0,0.03252173699005806,1.0344988993144622,2
96,0.9795918367346937,0.0,-0.9814169000288026,2.494302447587265,0.0,-0.9814169000288026,2.494302447587265,-0.0,0.034671830575899946,-1.2268404636054275,-0.0,0.034671830575899946,-1.2268404636054275,0.0,0.40875768425929254,0.5659398874883093,0.0,0.40875768425929254,0.5659398874883093,-0.0,-0.177226152956827,-0.30216402800486336,-0.0,-0.177226152956827,-0.30216402800486336,0.0,0.24934770312888163,-1.6112461539099243,0.0,0.24934770312888163,-1.6112461539099243,-0.0,0.10990698244684476,1.0637556610316552,-0.0,0.10990698244684476,1.0637556610316552,2
97,0.9897959183673469,0.0,-0.9781947061649428,2.498066603433293,0.0,-0.9781947061649428,2.498066603433293,-0.0,0.033030862322453246,-1.228128883076138,-0.0,0.033030862322453246,-1.228128883076138,0.0,0.3189971925221226,0.3726514287568443,0.0,0.3189971925221226,0.3726514287568443,-0.0,-0.1624558570912245,-0.127553527600324,-0.0,-0.1624558570912245,-0.127553527600324,0.0,0.19006422546618612,-1.6221497164300183,0.0,0.19006422546618612,-1.6221497164300183,-0.0,0.1355056956309876,1.0740333442433534,-0.0,0.1355056956309876,1.0740333442433534,2
98,1.0,0.0,-0.9761969806988371,2.499999999525868,0.0,-0.9761969806988371,2.499999999525868,-0.0,0.03184147382342347,-1.228231509599972,-0.0,0.03184147382342347,-1.228231509599972,0.0,0.19777482114446643,0.19140621316486148,0.0,0.19777482114446643,0.19140621316486148,-0.0,-0.1177494614039508,-0.01016002585957583,-0.0,-0.1177494614039508,-0.01016002585957583,0.0,-0.3799933359804531,-2.1346172768682283,0.0,-0.3799933359804531,-2.1346172768682283,-0.0,-0.339445922788347,1.22133408314747,-0.0,-0.339445922788347,1.22133408314747,2
